Estrela;Constel;AR;DEC;MagApar;Dist_LY;TipoEspectral;MassasSolares;RaioSol;temp;metalicidade_feH;Idade bi_anos;qtde 
HD 142;Phoenix;00hÿ06mÿ19.18s;?49øÿ04?ÿ30.7?;5.70;84;G1V;1.101;0.862;6176;0.041;5.931;1
Alpha Centauri B;Centaurus;14hÿ39mÿ35.1s;-60øÿ50?ÿ15.1?;1.34;4.37;G2V;;0.86;;;;1
WASP-44;Cetus;00hÿ15mÿ36.77s;?11øÿ56?ÿ17.3?;12.87;1157;G8V;0.951;0.927;5409;0.060;0.911;1
WASP-32;Pisces;00hÿ15mÿ50.85s;+01øÿ12?ÿ00.8?;11.26;579;G0V;1.103;1.111;6075;?0.127;4.728;1
GJ 3021;Hydrus;00hÿ16mÿ12.68s;?79øÿ51?ÿ04.2?;6.59;57;G6V;0.897;0.901;5539;0.098;8.766;1
WASP-26;Cetus;00hÿ18mÿ24.70s;?15øÿ16?ÿ02.3?;11.30;820;G0V;1.119;1.337;5951;?0.039;7.986;1
Tau Ceti;Cetus;;;;11,887(33);G8.5V;;;;;;5
HD 1461;Cetus;00hÿ18mÿ41.87s;?08øÿ03?ÿ10.8?;6.46;76;G0V;1.078;1.095;5765;0.194;6.257;1
WASP-1;Andromeda;00hÿ20mÿ40.08s;+31øÿ59?ÿ23.8?;13.44;3366;F7V;1.237;1.382;6180;0.028;3.400;1
WASP-45;Sculptor;00hÿ20mÿ57.00s;?35øÿ59?ÿ53.8?;11.80;533;K2V;0.909;0.945;5143;0.360;1.433;1
HD 1690;Cetus;00hÿ21mÿ13.32s;?08øÿ16?ÿ52.2?;9.17;1013;K6III;1.093;16.739;4394;?0.328;9.332;1
HD 2039;Phoenix;00hÿ24mÿ20.28s;?56øÿ39?ÿ00.2?;9.01;334;G0IV-V;0.981;1.207;5984;0.104;5.277;1
HIP 2247;Cetus;00hÿ28mÿ34.31s;?16øÿ13?ÿ34.8?;9.63;116;K4V;0.743;0.688;4714;?0.031;4.344;1
HD 2638;Cetus;00hÿ29mÿ59.87s;?05øÿ45?ÿ50.4?;9.83;163;G5V;0.933;1.063;5684;0.161;3.008;1
HAT-P-19;Andromeda;00hÿ38mÿ04.01s;+34øÿ42?ÿ41.6?;12.90;703;K1V;0.842;0.820;4990;-0.233;8.802;1
HAT-P-16;Andromeda;00hÿ38mÿ17.56s;+42øÿ27?ÿ47.2?;10.79;766;F8V;1.218;1.237;6158;0.136;8.376;1
54 Piscium;Pisces;00hÿ39mÿ21.81s;+21øÿ15?ÿ01.7?;5.80;36;K0V;0.789;0.869;5140;0.051;5.133;1
HD 4113;Sculptor;00hÿ43mÿ12.60s;?37øÿ58?ÿ57.5?;7.91;144;G5V;0.985;1.033;5676;0.237;4.807;1
HD 4208;Sculptor;00hÿ44mÿ26.65s;?26øÿ30?ÿ56.4?;7.79;106;G5V;0.928;0.854;5571;?0.239;4.475;1
HD 4308;Tucana;00hÿ44mÿ39.27s;?65øÿ38?ÿ58.3?;6.54;72;G5V;0.833;0.916;5597;?0.310;7.072;1
HD 4203;Pisces;00hÿ44mÿ41.20s;+20øÿ26?ÿ56.1?;8.69;252;G5IV;1.063;1.334;5701;0.218;9.412;1
HD 4313;Pisces;00hÿ45mÿ40.36s;+07øÿ50?ÿ42.1?;7.82;447;G5D;1.719;4.873;5035;0.143;2.005;1
HD 5319;Cetus;00hÿ55mÿ01.40s;+00øÿ47?ÿ22.4?;8.06;373;K0III;1.564;3.255;5052;0.147;2.395;1
HD 5388;Phoenix;00hÿ55mÿ11.89s;?47øÿ24?ÿ21.5?;6.82;175;F6V;1.211;1.910;6297;?0.269;5.728;1
HD 6434;Phoenix;01hÿ04mÿ40.15s;?39øÿ29?ÿ17.6?;7.72;135;G3VI;0.990;0.569;5714;?0.524;6.853;1
HIP 5158;Cetus;01hÿ06mÿ02.05s;?22øÿ27?ÿ11.3?;10.21;134;K5V;0.778;0.782;4711;0.102;3.526;1
HD 6718;Cetus;01hÿ07mÿ48.66s;?08øÿ14?ÿ01.3?;8.45;179;G0V;0.964;1.276;5871;?0.055;3.713;1
HD 7924;Cassiopeia;01hÿ21mÿ59.12s;+76øÿ42?ÿ37.0?;7.18;55;K0V;0.832;0.832;5177;?0.147;4.797;1
HD 8535;Phoenix;01hÿ23mÿ37.24s;?41øÿ16?ÿ11.3?;7.72;171;G0V;1.135;1.473;5835;0.024;4.996;1
HD 8574;Pisces;01hÿ25mÿ12.52s;+28øÿ34?ÿ00.1?;7.11;145;F8V;1.044;1.369;5942;?0.094;7.128;1
HD 9578;Sculptor;01hÿ33mÿ17.14s;?38øÿ14?ÿ42.1?;8.20;187;G1V;1.120;1.096;5768;0.111;5.968;1
HD 9446;Triangulum;01hÿ33mÿ20.18s;+29øÿ15?ÿ54.5?;8.35;171;G5V;1.003;0.997;5793;0.093;3.876;2
Upsilon Andromedae;Andromeda;01hÿ36mÿ47.84s;+41øÿ24?ÿ19.7?;4.09;44;F8V;1.010;1.699;6107;0.086;3.781;4
WASP-18;Phoenix;01hÿ37mÿ25.03s;?45øÿ40?ÿ40.4?;9.30;324;F9V;1.281;1.234;6351;0.001;0.632;1
HD 10180;Hydrus;01hÿ37mÿ53.58s;?60øÿ30?ÿ41.5?;7.33;127;G1V;1.055;1.085;5911;0.083;4.335;7
HD 10647;Eridanus;01hÿ42mÿ29.32s;?53øÿ44?ÿ27.0?;5.52;57;F8V;1.069;1.060;6039;?0.034;4.782;1
109 Piscium;Pisces;01hÿ44mÿ55.82s;+20øÿ04?ÿ59.3?;6.29;106;G5IV;1.150;1.722;5641;0.100;6.931;1
HD 11506;Cetus;01hÿ52mÿ50.53s;?19øÿ30?ÿ25.1?;7.54;169;G0V;1.191;1.376;6058;0.309;5.420;2
Eta2ÿHydri;Hydrus;01hÿ54mÿ56.13s;?67øÿ38?ÿ50.3?;4.70;219;G8.5III;1.910;12.997;4975;?0.212;1.245;1
HD 11964;Cetus;01hÿ57mÿ09.61s;?10øÿ14?ÿ32.7?;6.42;107;G5IV;1.125;0.966;5522;0.166;9.561;2
WASP-41;Perseus;01hÿ57mÿ13.79s;+49øÿ00?ÿ01.7?;11.60;579;G8V;0.952;1.008;5437;?0.079;6.378;1
HD 12661;Aries;02hÿ04mÿ34.29s;+25øÿ24?ÿ51.5?;7.44;114;G6V;1.068;1.116;5742;0.293;7.051;2
Alpha Arietis;Aries;02hÿ07mÿ10.41s;+23øÿ27?ÿ44.7?;2.00;66;K2III;1.498;13.911;4553;?0.087;5.955;1
Gliese 86;Eridanus;02hÿ10mÿ25.93s;?50øÿ49?ÿ25.4?;6.17;35;K1V;0.801;0.855;5350;?0.236;2.031;1
HD 13931;Andromeda;02hÿ16mÿ47.38s;+43øÿ46?ÿ22.8?;7.60;144;G0V;1.025;1.231;5829;0.029;8.368;1
HD 15082;Andromeda;02hÿ26mÿ51.06s;+37øÿ33?ÿ01.7?;8.32;377;kA5hA8mF4;1.495;1.444;7560;0.318;9.106;1
79 Ceti;Cetus;02hÿ35mÿ19.93s;?03øÿ33?ÿ38.2?;6.78;127;G5IV;1.002;0.975;5533;0.220;7.764;1
30 Arietis B;Aries;02hÿ36mÿ57.74s;+24øÿ38?ÿ53.0?;7.10;133;F6V;1.130;1.130;6424;0.072;0.907;1
HD 16417;Fornax;02hÿ36mÿ58.61s;?34øÿ34?ÿ40.7?;5.78;84;G1V;1.178;1.096;5936;0.189;4.320;1
HD 16175;Perseus;02hÿ37mÿ01.91s;+42øÿ03?ÿ45.5?;7.28;189;G0IV;1.350;1.866;5996;0.231;5.274;1
81 Ceti;Cetus;02hÿ37mÿ41.80s;?03øÿ23?ÿ46.2?;5.66;302;G5III;2.423;11.081;5578;?0.059;1.789;1
Iota Horologii;Horologium;02hÿ42mÿ33.47s;?50øÿ48?ÿ01.1?;5.40;56;G0V;1.107;1.852;5997;0.255;3.629;1
HD 17092;Perseus;02hÿ46mÿ22.12s;+49øÿ39?ÿ11.1?;7.73;354;K0III;2.323;7.748;4651;0.183;1.720;1
HIP 12961;Eridanus;02hÿ46mÿ42.89s;?23øÿ05?ÿ11.8?;9.72;75;M0V;0.632;0.675;3961;0.244;3.750;1
HIP 13044;Fornax;02hÿ47mÿ37.44s;?36øÿ06?ÿ27.1?;9.94;19462;F2III;0.832;6.709;6025;?2.086;12.106;1
HD 17156;Cassiopeia;02hÿ49mÿ44.49s;+71øÿ45?ÿ11.6?;8.18;245;G0V;1.205;1.469;6079;0.245;5.723;1
HIP 14810;Aries;03hÿ11mÿ14.23s;+21øÿ05?ÿ50.5?;8.51;174;G5V;0.989;1.024;5485;0.230;5.271;3
94 Ceti;Cetus;03hÿ12mÿ46.44s;?01øÿ11?ÿ46.0?;5.06;74;F8V;1.353;0.805;5984;0.234;8.909;1
HAT-P-25;Aries;03hÿ13mÿ44.50s;+25øÿ11?ÿ50.7?;13.19;968;G5V;1.011;0.959;5501;0.308;3.187;1
HD 20367;Aries;03hÿ17mÿ40.05s;+31øÿ07?ÿ37.4?;6.41;87;G0V;1.044;1.209;5929;0.100;0.874;1
HD 20782;Fornax;03hÿ20mÿ03.58s;?28øÿ51?ÿ14.7?;7.38;116;G2V;0.964;1.018;5636;?0.049;7.087;1
HD 20868;Fornax;03hÿ20mÿ42.69s;?33øÿ43?ÿ48.4?;10.15;151;K3/K4IV;0.775;0.787;4795;0.038;4.459;1
WASP-22;Eridanus;03hÿ31mÿ16.32s;?23øÿ49?ÿ10.9?;11.99;942;G2.5V;1.088;1.127;5978;?0.016;1.883;1
Epsilon Eridani;Eridanus;03hÿ32mÿ55.84s;?09øÿ27?ÿ29.7?;3.73;10;K2V;0.825;0.895;5116;?0.109;0.657;1Predefini‡Æo:List fact
HD 23127;Reticulum;03hÿ39mÿ23.64s;?60øÿ04?ÿ40.2?;8.58;322;G2V;1.131;1.047;5754;0.337;7.081;1
HD 23079;Reticulum;03hÿ39mÿ43.10s;?52øÿ54?ÿ57.0?;7.14;111;G0V;1.102;1.127;5848;?0.240;6.535;1
HD 23596;Perseus;03hÿ48mÿ00.37s;+40øÿ31?ÿ50.3?;7.24;164;F8V;1.268;1.604;5888;0.322;6.891;1
HD 24040;Taurus;03hÿ50mÿ22.97s;+17øÿ28?ÿ34.9?;7.52;152;G0V;1.177;1.436;5853;0.206;6.679;1
HD 24496 A;Taurus;03hÿ54mÿ28.03s;+16øÿ36?ÿ57.8?;6.82;67;G0V;0.950;0.902;5572;0.009;4.034;1
HD 25171;Reticulum;03hÿ55mÿ49.44s;?65øÿ11?ÿ12.0?;7.78;179;F8V;1.086;1.179;6159;?0.110;2.499;1
Epsilon Reticuli;Reticulum;04hÿ16mÿ29.03s;?59øÿ18?ÿ07.8?;4.44;59;K2IVa;1.177;6.589;4749;0.196;7.150;1
HD 27894;Reticulum;04hÿ20mÿ47.05s;?59øÿ24?ÿ39.0?;9.42;143;K2V;0.750;0.840;4966;0.297;3.886;1
XO-3;Camelopardalis;04hÿ21mÿ52.70s;+57øÿ49?ÿ01.9?;9.91;841;F5V;1.213;1.377;6429;?0.177;2.824;1
HD 28254;Dorado;04hÿ24mÿ50.71s;?50øÿ37?ÿ19.9?;7.71;178;G5V;1.060;1.103;5724;0.360;2.011;1
HAT-P-15;Perseus;04hÿ24mÿ59.53s;+39øÿ27?ÿ38.3?;12.16;619;G5V;1.013;1.080;4758;0.220;7.782;1
HD 28185;Eridanus;04hÿ26mÿ26.32s;?10øÿ33?ÿ02.9?;7.81;138;G5V;0.992;1.040;5482;0.238;5.363;1
Epsilon Tauri;Taurus;04hÿ28mÿ37.00s;+19øÿ10?ÿ49.6?;3.54;147;K0III;2.723;13.672;4901;0.175;0.625;1
2M J044144;Taurus;04hÿ41mÿ44.90s;+23øÿ01?ÿ51.4?;16.52;455;M8.5V;0.021;0.078;2599;?0.048;4.235;1
HD 30177;Dorado;04hÿ41mÿ54.37s;?58øÿ01?ÿ14.7?;8.41;172;G8V;0.946;1.116;5607;0.254;8.301;1
Gliese 176;Taurus;04hÿ42mÿ55.78s;+18øÿ57?ÿ29.4?;9.96;30;M3V;0.492;0.534;3895;?0.111;4.393;1
HD 30562;Eridanus;04hÿ48mÿ36.39s;?05øÿ40?ÿ26.6?;5.77;86;F8V;1.219;1.637;5861;0.243;4.003;1
Gliese 179;Orion;04hÿ52mÿ05.73s;+06øÿ28?ÿ35.5?;11.96;40;M4V;0.365;0.375;3372;0.299;1.347;1
HD 31253;Orion;04hÿ54mÿ43.65s;+12øÿ21?ÿ07.9?;7.13;164;F8V;1.229;1.705;5960;0.156;2.797;1
HD 33283;Lepus;05hÿ08mÿ01.01s;?26øÿ47?ÿ50.9?;8.05;307;G3V;1.239;1.200;5995;0.366;3.222;1
HD 32518;Camelopardalis;05hÿ09mÿ36.72s;+69øÿ38?ÿ21.8?;6.44;393;K1III;1.129;10.217;4583;?0.154;5.829;1
HD 34445;Orion;05hÿ17mÿ40.98s;+07øÿ21?ÿ12.0?;7.32;152;G0IV-V;1.072;1.382;5836;0.139;8.456;1
HD 33564;Camelopardalis;05hÿ22mÿ33.53s;+79øÿ13?ÿ52.1?;5.09;68;F6V;1.251;1.111;6251;?0.119;2.969;1
HD 290327;Orion;05hÿ23mÿ21.56s;?02øÿ16?ÿ39.4?;8.96;185;G5IV;0.901;1.765;5699;?0.114;7.720;1
HD 38283;Mensa;05hÿ37mÿ02.02s;?73øÿ41?ÿ57.6?;6.70;125;F9.5V;1.085;1.187;5945;?0.245;5.407;1
HD 37124;Taurus;05hÿ37mÿ02.49s;+20øÿ43?ÿ50.8?;7.68;110;G4V;0.830;0.824;5606;?0.442;3.327;3
Pi Mensae;Mensa;05hÿ37mÿ09.89s;?80øÿ28?ÿ08.8?;5.67;60;G1IV;1.123;2.086;5888;0.089;3.826;1
HD 37605;Orion;05hÿ40mÿ01.73s;+06øÿ03?ÿ38.1?;8.69;143;K0V;0.786;0.835;5230;0.388;10.712;1
HD 38529;Orion;05hÿ46mÿ34.91s;+01øÿ10?ÿ05.5?;5.94;128;G4IV;1.386;2.576;5697;0.313;5.092;1
Beta Pictoris;Pictor;05hÿ47mÿ17.09s;?51øÿ03?ÿ59.5?;3.86;63;A6V;1.747;1.802;8052;0.051;0.012;1
HD 38801;Orion;05hÿ47mÿ59.18s;?08øÿ19?ÿ39.7?;8.26;296;K0IV;1.356;2.528;5222;0.255;4.673;1
HD 40307;Pictor;05hÿ54mÿ04.24s;?60øÿ01?ÿ24.5?;7.17;42;K2.5V;0.752;0.716;4977;?0.308;1.198;6
HD 41004 A;Pictor;05hÿ59mÿ49.65s;?48øÿ14?ÿ22.9?;8.65;133;K1V;0.722;0.719;5035;?0.091;1.636;1
HD 40979;Auriga;06hÿ04mÿ29.94s;+44øÿ15?ÿ37.6?;6.74;108;F8V;1.098;1.208;5929;0.194;1.485;1
HD 43197;Canis Major;06hÿ13mÿ35.66s;?29øÿ53?ÿ50.2?;8.95;184;G9V;0.956;1.001;5287;0.400;6.017;1
HD 43691;Auriga;06hÿ19mÿ34.68s;+41øÿ05?ÿ32.3?;8.03;262;G0IV-V;1.379;1.289;6199;0.277;2.810;1
HD 44219;Monoceros;06hÿ20mÿ14.32s;?10øÿ43?ÿ30.0?;7.71;164;G5IV/V;1.003;1.254;5634;0.027;4.103;1
HD 45364;Canis Major;06hÿ25mÿ38.48s;?31øÿ28?ÿ51.4?;8.07;107;G8V;0.815;0.759;5434;?0.166;7.546;2
HD 45350;Auriga;06hÿ28mÿ45.71s;+38øÿ57?ÿ46.7?;7.88;159;G5V;1.018;1.265;5754;0.291;5.588;1
HD 45652;Monoceros;06hÿ29mÿ13.19s;+10øÿ56?ÿ02.0?;8.13;112;K0V;0.855;0.895;5312;0.287;4.920;1
6 Lyncis;Lynx;06hÿ30mÿ47.11s;+58øÿ09?ÿ45.5?;5.88;182;K0III-IV;1.688;5.152;4978;?0.127;2.308;1
HD 46375;Monoceros;06hÿ33mÿ12.62s;+05øÿ27?ÿ46.5?;7.84;114;K1IV;1.477;1.020;5199;0.235;4.956;1
HD 47186;Canis Major;06hÿ36mÿ08.79s;?27øÿ37?ÿ20.3?;7.79;129;G6V;0.991;0.968;5675;0.228;4.437;2
HD 47536;Canis Major;06hÿ37mÿ47.62s;?32øÿ20?ÿ23.0?;5.26;402;K1III;0.944;23.469;4379;?0.684;9.328;2
HD 48265;Puppis;06hÿ40mÿ01.73s;?48øÿ32?ÿ31.0?;8.07;279;G5IV/V;0.933;1.035;5686;0.167;8.596;1
COROT-12;Monoceros;06hÿ43mÿ03.76s;?01øÿ17?ÿ47.1?;15.52;3759;G2V;1.078;1.116;5676;0.161;6.350;1
WASP-35;Gemini;06hÿ48mÿ03.00s;+25øÿ43?ÿ18.5?;11.38;694;G3V;0.977;0.991;5723;0.038;5.241;1
COROT-1;Monoceros;06hÿ48mÿ19.17s;?03øÿ06?ÿ07.7?;13.57;1561;G1V;0.899;1.085;5799;0.194;3.373;1
COROT-13;Monoceros;06hÿ50mÿ53.07s;?05øÿ05?ÿ11.1?;15.04;4271;G0V;1.090;1.011;5946;0.009;1.640;1
HD 49674;Auriga;06hÿ51mÿ30.52s;+40øÿ52?ÿ03.9?;8.10;144;G5V;1.074;0.942;5482;0.250;2.379;1
HD 50499;Puppis;06hÿ52mÿ02.02s;?33øÿ54?ÿ56.0?;7.22;150;G1IV;1.274;1.377;5902;0.233;5.684;1
COROT-14;Monoceros;06hÿ53mÿ41.80s;?05øÿ32?ÿ09.7?;16.03;4363;F9V;1.133;1.212;6035;0.054;0.633;1
HD 50554;Gemini;06hÿ54mÿ42.83s;+24øÿ14?ÿ44.0?;6.86;98;F8V;1.044;1.113;5902;?0.067;4.579;1
COROT-7;Monoceros;06hÿ56mÿ07.94s;+08øÿ14?ÿ08.6?;11.66;465;K0V;0.926;0.866;5275;0.028;1.479;2
COROT-5;Monoceros;06hÿ58mÿ42.72s;?02øÿ29?ÿ30.0?;14.01;4014;F9V;0.998;1.186;6102;?0.246;6.923;1
HD 52265;Monoceros;07hÿ00mÿ18.04s;?05øÿ22?ÿ01.8?;6.30;94;G0V;1.204;1.249;6025;0.106;4.878;1
HAT-P-24;Gemini;07hÿ15mÿ18.02s;+14øÿ15?ÿ45.4?;11.82;997;F8V;1.191;1.317;6373;?0.160;2.778;1
COROT-4;Monoceros;07hÿ18mÿ15.24s;?03øÿ02?ÿ04.4?;13.67;3602;F0V;1.098;1.154;6193;?0.003;1.032;1
HAT-P-9;Auriga;07hÿ20mÿ40.48s;+37øÿ08?ÿ26.2?;12.35;1571;F7V;1.277;1.322;6344;0.122;6.376;1
XO-4;Lynx;07hÿ21mÿ33.41s;+58øÿ16?ÿ04.5?;10.65;957;F5V;1.320;1.554;5696;?0.040;2.089;1
HAT-P-20;Gemini;07hÿ27mÿ39.95s;+24øÿ20?ÿ11.4?;11.34;227;K7V;0.760;0.690;4595;0.355;6.711;1
HD 59686;Gemini;07hÿ31mÿ48.40s;+17øÿ05?ÿ09.8?;5.45;316;K2III;1.875;11.621;4987;0.280;2.345;1
HD 60532;Puppis;07hÿ34mÿ03.18s;?22øÿ17?ÿ45.8?;4.46;83;F6IV-V;1.444;2.520;6095;?0.259;2.671;2
NGC 2423-3;Puppis;07hÿ37mÿ09.24s;?13øÿ54?ÿ24.0?;9.45;2499;G9IV-V;2.432;6.712;5387;0.144;0.752;1
HD 63454;Chamaeleon;07hÿ39mÿ21.85s;?78øÿ16?ÿ44.3?;9.37;113;K3Vk;0.812;0.776;4731;0.107;0.997;1
Pollux;Gemini;07hÿ45mÿ18.95s;+28øÿ01?ÿ34.3?;1.15;34;K0IIIb;1.863;8.819;4666;0.194;8.784;1
XO-5;Lynx;07hÿ46mÿ51.60s;+39øÿ05?ÿ41.1?;12.13;881;G8V;0.879;1.065;5510;0.180;8.488;1
HD 63765;Carina;07hÿ47mÿ49.72s;?54øÿ15?ÿ50.9?;8.10;108;G9V;0.864;0.817;5223;?0.159;4.541;1
XO-2;Lynx;07hÿ48mÿ06.47s;+50øÿ13?ÿ33.0?;11.25;485;K0V;0.977;0.965;5336;0.448;1.884;1
HD 65216;Carina;07hÿ53mÿ41.32s;?63øÿ38?ÿ50.4?;7.98;116;G5V;0.921;0.964;5533;?0.117;5.720;1
HD 66428;Monoceros;08hÿ03mÿ28.67s;?01øÿ09?ÿ45.8?;8.01;179;G5IV;1.145;1.205;5752;0.306;5.562;1
GJ 3483;Volans;08hÿ06mÿ53.74s;?66øÿ18?ÿ16.7?;13.70;63;DQ D;0.616;0.007;14641;N/A;7.698;1
WASP-51;Hydra;08hÿ15mÿ47.98s;+05øÿ50?ÿ12.3?;10.36;932;F7IV;1.199;1.277;6247;?0.077;6.762;1
HD 68988;Ursa Major;08hÿ18mÿ22.17s;+61øÿ27?ÿ38.6?;8.21;178;G0V;1.186;1.136;5767;0.236;6.779;1
HD 69830;Puppis;08hÿ18mÿ23.95s;?12øÿ37?ÿ55.8?;5.95;41;K0V;0.856;0.895;5385;?0.045;7.446;3
HD 70642;Puppis;08hÿ21mÿ28.14s;?39øÿ42?ÿ19.5?;7.18;92;G5V;1.023;0.840;5533;0.155;3.875;1
HD 70573;Hydra;08hÿ22mÿ49.95s;+01øÿ51?ÿ33.6?;8.70;149;G1.5V;1.012;0.981;5737;?0.178;0.101;1
HD 72659;Hydra;08hÿ34mÿ03.19s;?01øÿ34?ÿ05.6?;7.48;163;G0V;0.953;1.433;5821;?0.144;4.422;1
HD 73267;Pyxis;08hÿ36mÿ17.78s;?34øÿ27?ÿ35.9?;8.89;177;K0V;0.893;1.043;5317;0.035;7.355;1
HD 73256;Pyxis;08hÿ36mÿ23.02s;?30øÿ02?ÿ15.5?;8.08;123;G8V;1.236;0.897;5321;0.290;0.827;1
HD 73526;Vela;08hÿ37mÿ16.48s;?41øÿ19?ÿ08.8?;9.00;328;G6V;1.020;1.494;5470;0.278;5.589;2
HD 73534;Cancer;08hÿ39mÿ15.80s;+12øÿ57?ÿ37.4?;8.24;264;G5IV;1.290;2.654;4952;0.164;7.785;1
HAT-P-13;Ursa Major;08hÿ39mÿ31.81s;+47øÿ21?ÿ07.3?;10.42;696;G4IV;1.220;1.561;5638;0.433;5.031;1
4 Ursae Majoris;Ursa Major;08hÿ40mÿ12.82s;+64øÿ19?ÿ40.6?;5.79;256;K1III;1.234;16.786;4415;?0.255;4.604;1
Gliese 317;Pyxis;08hÿ40mÿ59.21s;?23øÿ27?ÿ22.6?;12.98;30;M3.5V;0.243;0.302;3192;?0.227;7.341;1
HD 74156;Hydra;08hÿ42mÿ25.12s;+04øÿ34?ÿ41.2?;7.61;210;G0IV;1.236;1.581;6039;0.134;7.375;2
HD 75289;Vela;08hÿ47mÿ40.39s;?41øÿ44?ÿ12.5?;6.36;95;G0V;1.045;1.255;6011;0.289;4.956;1
55 Cancri;Cancer;08hÿ52mÿ35.81s;+28øÿ19?ÿ50.9?;5.95;40;G8V;1.026;0.887;5217;0.290;5.543;5
HD 75898;Lynx;08hÿ53mÿ50.81s;+33øÿ03?ÿ24.5?;8.04;247;G0IV;1.279;1.604;6021;0.266;3.844;1
HD 76700;Volans;08hÿ53mÿ55.52s;?66øÿ48?ÿ03.6?;8.12;197;G6V;0.999;1.326;5458;0.138;4.512;1
WASP-13;Lynx;09hÿ20mÿ24.71s;+33øÿ52?ÿ58.0?;10.42;509;G1V;1.144;1.097;5826;0.002;2.759;1
HD 80606;Ursa Major;09hÿ22mÿ37.57s;+50øÿ36?ÿ13.4?;8.93;579;G5V;0.859;0.921;5370;0.428;7.633;1
HD 81040;Leo;09hÿ23mÿ47.09s;+20øÿ21?ÿ52.0?;7.71;108;G2V;0.958;0.952;5623;?0.157;4.178;1
41 Lyncis;Ursa Major;09hÿ28mÿ40.00s;+45øÿ36?ÿ05.0?;5.41;280;K0III-IV;2.128;12.865;4753;?0.359;1.352;1
HD 82943;Hydra;09hÿ34mÿ50.74s;?12øÿ07?ÿ46.4?;6.54;90;G0V;1.175;1.124;5874;0.273;3.080;2
HD 83443;Vela;09hÿ37mÿ11.83s;?43øÿ16?ÿ19.9?;8.24;134;K0V;0.792;1.045;5462;0.331;2.945;1
HD 85390;Vela;09hÿ50mÿ02.50s;?49øÿ47?ÿ25.0?;8.55;106;K1.5V;0.758;0.797;4877;?0.071;6.307;1
WASP-19;Vela;09hÿ53mÿ40.08s;?45øÿ39?ÿ33.1?;12.28;817;G8V;0.947;0.928;5456;0.021;0.623;1
HD 86081;Sextans;09hÿ56mÿ05.92s;?03øÿ48?ÿ30.3?;8.74;311;F8V;1.214;1.211;6028;0.257;6.208;1
HD 86226;Hydra;09hÿ56mÿ29.85s;?24øÿ05?ÿ57.8?;7.93;148;G2V;1.019;1.014;5845;?0.045;1.807;1
HD 86264;Hydra;09hÿ56mÿ57.84s;?15øÿ53?ÿ42.4?;7.42;224;F7V;1.423;1.880;6214;0.202;2.245;1
HIP 49067;Sextans;10hÿ00mÿ47.72s;?09øÿ31?ÿ00.0?;9.86;139;K3V;0.744;0.659;4746;?0.066;4.526;2
HD 87883;Leo Minor;10hÿ08mÿ43.14s;+34øÿ14?ÿ32.1?;7.56;59;K0V;0.820;0.763;4976;0.093;9.785;1
HD 88133;Leo;10hÿ10mÿ07.68s;+18øÿ11?ÿ12.7?;8.07;266;G5IV;1.204;1.934;5494;0.335;9.555;1
BD+20ø2457;Leo;10hÿ16mÿ44.87s;+19øÿ53?ÿ29.0?;9.75;516;K2II;2.415;49.492;4127;?0.999;1.850;1
HD 89307;Leo;10hÿ18mÿ21.29s;+12øÿ37?ÿ16.0?;7.01;106;G0V;1.036;1.072;5834;?0.226;8.786;1
WASP-43;Sextans;10hÿ19mÿ38.01s;?09øÿ48?ÿ22.6?;12.40;247;K7V;0.576;0.932;4404;?0.046;0.598;1
Gamma1Leonis;Leo;10hÿ19mÿ58.43s;+19øÿ50?ÿ28.5?;2.12;130;K1IIIb;1.226;31.880;4391;?0.489;6.442;1
HD 89744;Ursa Major;10hÿ22mÿ10.56s;+41øÿ13?ÿ46.3?;5.74;129;F7V;1.402;2.145;6166;0.180;2.044;1
HD 233731;Ursa Major;10hÿ22mÿ43.59s;+50øÿ07?ÿ42.0?;9.76;268;G5V;0.923;1.040;5302;0.244;12.402;1
24 Sextantis;Sextans;10hÿ23mÿ28.37s;?00øÿ54?ÿ08.1?;6.44;253;G5III;1.545;4.902;5098;?0.031;2.697;2
HD 90156;Hydra;10hÿ23mÿ55.27s;?29øÿ38?ÿ43.9?;6.95;73;G5V;0.837;0.717;5671;?0.241;7.250;1
OGLE-TR-211;Carina;10hÿ40mÿ14.39s;?62øÿ27?ÿ20.2?;14.85;5286;F8V;1.301;1.784;6280;0.065;3.201;1
HD 92788;Sextans;10hÿ42mÿ48.53s;?02øÿ11?ÿ01.5?;7.11;116;G5V;1.064;0.992;5559;0.244;3.776;1
HD 93083;Antlia;10hÿ44mÿ20.91s;?33øÿ34?ÿ37.3?;8.33;91;K3V;0.725;0.851;4826;0.152;5.840;1
OGLE-TR-132;Carina;10hÿ50mÿ34.72s;?61øÿ57?ÿ25.9?;16.21;5169;K1V;1.257;1.338;6279;0.369;3.228;1
OGLE-TR-113;Carina;10hÿ52mÿ24.40s;?61øÿ26?ÿ48.5?;16.08;5612;G6V;0.778;0.774;4205;0.143;0.877;1
OGLE-TR-111;Carina;10hÿ53mÿ17.91s;?61øÿ24?ÿ20.3?;16.96;4942;K2V;0.821;0.831;4936;0.117;1.234;1
BD-10ø3166;Crater;10hÿ58mÿ28.78s;?10øÿ46?ÿ13.4?;10.00;218;G4V;0.987;1.708;5400;0.501;4.180;1
GJ 3634;Hydra;10hÿ58mÿ35.10s;?31øÿ08?ÿ39.1?;11.95;65;M2.5V;0.450;0.427;3638;?0.212;8.749;1
HD 95089;Leo;10hÿ58mÿ47.74s;+01øÿ43?ÿ45.2?;7.95;454;K0D;1.580;4.937;5002;0.053;2.467;1
47 Ursae Majoris;Ursa Major;10hÿ59mÿ27.97s;+40øÿ25?ÿ48.9?;5.10;46;G0V;1.029;1.241;5892;0.003;7.434;3
WASP-34;Crater;11hÿ01mÿ35.89s;?23øÿ51?ÿ38.4?;10.28;390;G5V;1.012;0.932;5668;?0.021;4.117;1
HD 96167;Crater;11hÿ05mÿ15.07s;?10øÿ17?ÿ28.7?;8.08;283;G5D;1.306;1.858;5771;0.340;3.773;1
OGLE2-TR-L9;Carina;11hÿ07mÿ54.90s;?61øÿ08?ÿ46.3?;14.36;6200;F3V;1.517;1.530;6933;?0.054;0.001;1
OGLE-TR-182;Carina;11hÿ09mÿ18.73s;?61øÿ05?ÿ42.9?;16.84;12712;G0V;1.175;1.124;5984;0.436;3.910;1
HD 97658;Leo;11hÿ14mÿ33.16s;+25øÿ42?ÿ37.4?;7.76;69;K1V;0.855;0.732;5170;?0.234;6.111;1
DP Leonis Majoris;Leo;11hÿ17mÿ15.97s;+17øÿ57?ÿ41.1?;17.46;1305;DA+M5V;0.688;0.136;16487;1.460;11.230;1
WASP-31;Vulpecula;11hÿ17mÿ45.36s;?19øÿ03?ÿ17.2?;11.66;1403;F9V;1.160;1.240;6233;?0.191;2.087;1
HD 99109;Leo;11hÿ24mÿ17.36s;?01øÿ31?ÿ44.7?;8.83;163;K0V;0.926;0.971;5272;0.315;12.739;1
HAT-P-21;Ursa Major;11hÿ25mÿ05.99s;+41øÿ01?ÿ40.7?;11.46;829;G3V;0.949;1.096;5588;0.008;10.210;1
83 Leonis B;Leo;11hÿ26mÿ46.28s;+03øÿ00?ÿ22.8?;7.57;59;K2V;0.777;0.812;4875;0.355;4.486;2
Gliese 433;Hydra;11hÿ35mÿ26.95s;?32øÿ32?ÿ23.9?;9.79;29;M1.5V;0.489;0.475;3553;?0.527;6.436;1
HD 100777;Leo;11hÿ35mÿ51.52s;?04øÿ45?ÿ20.5?;8.42;162;K0V;1.035;1.032;5582;0.267;2.411;1
HIP 57050;Ursa Major;11hÿ41mÿ44.63s;+42øÿ45?ÿ07.1?;11.88;36;M4V;0.340;0.401;3189;0.170;2.015;1
Gliese 436;Leo;11hÿ42mÿ11.09s;+26øÿ42?ÿ23.7?;10.68;33;M2.5V;0.411;0.419;3318;?0.319;7.840;1
HD 101930;Centaurus;11hÿ43mÿ30.11s;?58øÿ00?ÿ24.8?;8.21;95;K1V;0.741;0.895;5106;0.172;5.387;1
HD 102117;Centaurus;11hÿ44mÿ50.46s;?58øÿ42?ÿ13.4?;7.47;129;G6V;0.946;1.270;5432;0.183;6.214;1
HD 102195;Virgo;11hÿ45mÿ42.29s;+02øÿ49?ÿ17.3?;8.06;97;G8V;0.926;0.835;5291;0.046;2.417;1
HD 102272;Virgo;11hÿ46mÿ23.54s;+14øÿ07?ÿ26.3?;8.71;796;K2III;1.886;10.076;4908;0.255;1.527;2
HD 102365;Centaurus;11hÿ46mÿ31.07s;?40øÿ30?ÿ01.3?;4.89;30;G2V;0.850;0.971;5652;?0.277;8.910;1
HD 102956;Ursa Major;11hÿ51mÿ22.51s;+57øÿ38?ÿ26.6?;7.85;412;K0III;1.677;4.417;5054;0.189;2.333;1
HD 103197;Centaurus;11hÿ52mÿ52.98s;?50øÿ17?ÿ34.2?;9.41;173;G3IV;0.899;1.320;5607;0.252;10.302;1
HD 104067;Corvus;11hÿ59mÿ10.01s;?20øÿ21?ÿ13.6?;7.93;69;K2V;0.789;0.813;4799;?0.060;5.205;1
HD 104985;Camelopardalis;12hÿ05mÿ15.12s;+76øÿ54?ÿ20.6?;5.80;317;G9III;1.459;8.863;6397;?0.346;2.953;1
WASP-36;Virgo;12hÿ07mÿ17.55s;?01øÿ33?ÿ30.2?;12.03;1372;F8V;1.183;1.268;6311;?0.071;2.817;1
2M1207;Centaurus;12hÿ07mÿ33.47s;?39øÿ32?ÿ53.9?;18.88;171;M8V;0.025;0.148;2446;?0.065;0.008;1
HD 107148;Virgo;12hÿ19mÿ13.49s;?03øÿ19?ÿ11.2?;8.03;167;G5IV;1.118;1.257;5797;0.314;5.566;1
HD 108147;Crux;12hÿ25mÿ46.27s;?64øÿ01?ÿ19.5?;7.00;124;F9V;1.272;1.221;6067;0.203;1.977;1
HD 108874;Coma Berenices;12hÿ30mÿ26.88s;+22øÿ52?ÿ47.4?;8.74;204;G5V;0.987;1.223;5407;0.143;7.260;2
HD 109246;Draco;12hÿ32mÿ07.19s;+74øÿ29?ÿ22.4?;8.77;215;G0V;1.008;1.018;5844;0.103;5.768;1
HD 109749;Centaurus;12hÿ37mÿ16.38s;?40øÿ48?ÿ43.6?;8.17;184;K1Vp;1.188;0.835;4944;0.212;3.587;1
Chi Virginis;Virgo;12hÿ39mÿ14.77s;?07øÿ59?ÿ44.0?;4.66;294;K2III;2.174;20.939;4445;0.187;0.947;1
HW Virginis;Virgo;12hÿ44mÿ20.24s;?08øÿ40?ÿ16.8?;10.93;1604;sdB+MV;1.032;1.273;16550;?0.319;2.775;1
HD 111232;Musca;12hÿ48mÿ51.75s;?68øÿ25?ÿ30.5?;7.61;96;G8V;0.784;0.862;5407;?0.357;5.227;1
PSR B1257+12;Virgo;13hÿ00mÿ03.58s;+12øÿ40?ÿ56.5?;24.31;980;pulsar;1.444;0.000023;28856;N/A;0.797;3
Ross 458;Virgo;13hÿ00mÿ46.58s;+12øÿ22?ÿ32.6?;9.76;38;M2Ve;0.597;0.681;3683;?0.267;0.475;1
WASP-25;Hydra;13hÿ01mÿ26.37s;?27øÿ31?ÿ19.9?;11.87;550;G4V;0.995;0.947;5762;?0.288;2.570;1
HD 113538;Centaurus;13hÿ04mÿ57.48s;?52øÿ26?ÿ34.5?;9.10;52;K9V;0.698;0.650;4685;?0.167;1.278;2
HD 114386;Centaurus;13hÿ10mÿ39.82s;?35øÿ03?ÿ17.2?;8.81;94;K3V;0.746;0.760;4351;?0.026;2.189;1
HD 114762;Coma Berenices;13hÿ12mÿ19.74s;+17øÿ31?ÿ01.6?;7.30;126;F9V;0.840;1.240;5934;?0.707;11.778;1
HD 114783;Virgo;13hÿ12mÿ43.79s;?02øÿ15?ÿ54.1?;7.57;67;K0V;0.918;0.783;5105;0.333;3.698;1
HD 114729;Centaurus;13hÿ12mÿ44.26s;?31øÿ52?ÿ24.1?;6.69;118;G3V;0.934;1.462;5662;?0.221;4.575;1
61 Virginis;Virgo;13hÿ18mÿ24.31s;?18øÿ18?ÿ40.3?;4.74;28;G5V;0.954;0.945;5531;?0.008;8.960;3
70 Virginis;Virgo;13hÿ28mÿ25.81s;+13øÿ46?ÿ43.6?;5.00;59;G4V;0.917;1.968;5432;?0.107;7.091;1
HD 117207;Centaurus;13hÿ29mÿ21.11s;?35øÿ34?ÿ15.6?;7.28;108;G8IV/V;1.067;1.086;5432;0.266;6.683;1
HD 117618;Centaurus;13hÿ32mÿ25.56s;?47øÿ16?ÿ16.9?;7.18;124;G2V;1.051;1.190;5861;0.043;3.885;1
HD 118203;Ursa Major;13hÿ34mÿ02.54s;+53øÿ43?ÿ42.7?;8.07;289;K0V;1.226;1.294;5200;0.097;4.579;1
HAT-P-3;Ursa Major;13hÿ44mÿ22.58s;+48øÿ01?ÿ43.2?;11.86;460;K0V;0.936;0.825;5185;0.265;0.402;1
Tau Bo”tis;Bo”tes;13hÿ47mÿ15.74s;+17øÿ27?ÿ24.9?;4.50;51;F7V;1.321;0.843;6309;0.275;2.521;1
HD 121504;Centaurus;13hÿ57mÿ17.24s;?56øÿ02?ÿ24.2?;7.55;147;G2V;1.010;1.066;5834;?0.159;1.624;1
HAT-P-12;Canes Venatici;13hÿ57mÿ33.47s;+43øÿ29?ÿ36.8?;12.84;465;K4V;0.735;0.695;4652;?0.288;2.458;1
WASP-23;Bo”tes;13hÿ59mÿ23.18s;+22øÿ54?ÿ38.5?;12.68;787;K1V;0.843;0.891;5016;?0.215;9.033;1
HD 122430;Hydra;14hÿ02mÿ22.78s;?27øÿ25?ÿ47.2?;5.48;439;K3III;1.394;22.859;4260;?0.054;3.114;1
HAT-P-26;Virgo;14hÿ12mÿ37.54s;+04øÿ03?ÿ36.1?;11.76;436;K1V;0.816;0.788;5079;?0.040;9.011;1
WASP-16;Virgo;14hÿ18mÿ43.92s;?20øÿ16?ÿ31.8?;11.29;783;G3V;1.022;0.946;5547;0.007;2.294;1
HD 125612;Virgo;14hÿ20mÿ53.51s;?17øÿ28?ÿ53.5?;8.33;177;G3V;1.099;1.052;5897;0.244;2.150;3
HD 125595;Centaurus;14hÿ21mÿ23.19s;?40øÿ23?ÿ38.2?;9.03;91;K4Vk;0.757;0.755;4520;0.023;3.791;1
HD 126614 A;Virgo;14hÿ26mÿ48.28s;?05øÿ10?ÿ40.0?;8.70;237;K0IV;1.154;1.095;5585;0.557;7.201;1
WASP-39;Virgo;14hÿ29mÿ18.33s;?03øÿ26?ÿ40.1?;12.11;759;G8V;0.925;0.895;5398;?0.116;4.324;1
HIP 70849;Lupus;14hÿ29mÿ18.56s;?46øÿ27?ÿ49.7?;10.37;77;K7Vk;0.633;0.626;4283;?0.178;4.912;1
HD 128311;Bo”tes;14hÿ36mÿ00.56s;+09øÿ44?ÿ47.5?;7.51;54;K0V;0.804;0.728;4965;0.080;0.394;2
HD 129445;Circinus;14hÿ46mÿ03.06s;?68øÿ45?ÿ45.9?;8.81;214;G8V;0.990;0.917;5233;0.253;3.999;1
HD 130322;Virgo;14hÿ47mÿ32.73s;?00øÿ16?ÿ53.3?;8.05;103;K0V;0.789;0.833;5260;?0.018;1.244;1
WASP-37;Virgo;14hÿ47mÿ46.56s;+01øÿ03?ÿ53.9?;12.71;1102;G2V;0.849;0.977;5791;?0.399;11.194;1
HAT-P-27/WASP-40;Virgo;14hÿ54mÿ04.19s;+05øÿ56?ÿ50.5?;12.21;665;G8V;0.905;0.878;5226;0.137;4.431;1
HD 132406;Bo”tes;14hÿ56mÿ54.65s;+53øÿ22?ÿ55.8?;8.45;221;G0V;1.089;1.058;5885;0.180;6.432;1
CFBDS 1448;Bo”tes;14hÿ58mÿ28.99s;+10øÿ13?ÿ43.4?;19.57;69;T9.5;0.024;0.088;531;?0.623;2.533;1
WASP-24;Virgo;15hÿ08mÿ51.74s;+02øÿ20?ÿ35.9?;11.35;1062;F9V;1.129;1.147;6074;?0.051;4.557;1
23 Librae;Libra;15hÿ13mÿ28.67s;?25øÿ18?ÿ33.6?;6.45;85;G5V;1.047;1.206;5559;0.230;7.322;2
11 Ursae Minoris;Ursa Major;15hÿ17mÿ05.90s;+71øÿ49?ÿ26.0?;5.02;398;K4III;1.746;24.082;4344;0.043;1.562;1
HD 136418;Bo”tes;15hÿ19mÿ06.18s;+41øÿ43?ÿ59.5?;7.88;320;G5III;1.334;3.444;5071;?0.066;3.778;1
Gliese 581;Libra;15hÿ19mÿ26.83s;?07øÿ43?ÿ20.2?;10.56;20;M3V;0.311;0.378;3484;?0.335;4.326;4
HAT-P-4;Bo”tes;15hÿ19mÿ57.93s;+36øÿ13?ÿ46.8?;11.02;1007;F9V;1.257;1.592;5857;0.239;4.217;1
Iota Draconis;Draco;15hÿ24mÿ55.77s;+58øÿ57?ÿ57.8?;3.31;101;K2III;1.052;13.499;4445;0.030;10.015;1
Lupus-TR-3;Lupus;15hÿ30mÿ18.67s;?42øÿ58?ÿ46.5?;17.38;8950;K1V;0.867;0.862;5103;0.107;1.795;1
HD 139357;Draco;15hÿ35mÿ16.30s;+53øÿ55?ÿ19.0?;5.98;385;K4III;1.354;11.470;4703;?0.133;3.067;1
HD 330075;Norma;15hÿ49mÿ37.69s;?49øÿ57?ÿ48.7?;9.03;162;G5IV;0.946;0.983;6295;0.031;6.212;1
Kappa Coronae Borealis;Corona Borealis;15hÿ51mÿ13.93s;+35øÿ39?ÿ26.6?;4.82;99;K1IVa;1.853;4.731;4921;0.132;2.784;1
HD 141937;Libra;15hÿ52mÿ17.55s;?18øÿ26?ÿ09.8?;7.25;105;G3V;1.023;1.056;5821;0.155;2.554;1
NN Serpentis;Serpens;15hÿ52mÿ56.13s;+12øÿ54?ÿ44.7?;16.67;1593;WD+M;0.646;0.692;18858;1.744;10.153;2
HD 142415;Norma;15hÿ57mÿ40.79s;?60øÿ12?ÿ00.9?;7.34;112;G1V;1.089;1.032;5834;0.213;1.495;1
WASP-17;Scorpius;15hÿ59mÿ50.95s;?28øÿ03?ÿ42.3?;11.59;1452;F6V;1.196;1.376;6549;?0.254;2.997;1
HD 143361;Norma;16hÿ01mÿ50.35s;?44øÿ26?ÿ04.3?;9.20;214;G0V;0.955;0.983;5821;0.292;3.659;1
XO-1;Corona Borealis;16hÿ02mÿ11.84s;+28øÿ10?ÿ10.4?;11.28;666;G1V;1.002;0.928;5824;0.541;4.522;1
1RXS 1609;Scorpius;16hÿ09mÿ30.31s;?21øÿ04?ÿ57.6?;12.97;472;K7V;0.854;1.351;4062;0.616;0.005;1
HD 145457;Corona Borealis;16hÿ10mÿ03.91s;+26øÿ44?ÿ33.9?;6.57;411;K4V;1.934;9.927;4757;?0.139;6.782;1
HD 142022 A;Octans;16hÿ10mÿ15.02s;?84øÿ13?ÿ53.8?;7.69;112;K0V;0.993;0.705;5382;0.193;13.309;1
14 Herculis;Hercules;16hÿ10mÿ24.31s;+43øÿ49?ÿ03.5?;6.67;57;K0V;0.902;0.895;5311;0.428;0.706;2
HD 145377;Scorpius;16hÿ11mÿ36.45s;?27øÿ04?ÿ41.5?;8.12;179;G3V;1.120;1.138;6046;0.122;1.323;1
HIP 79431;Scorpius;16hÿ12mÿ41.77s;?18øÿ52?ÿ31.8?;11.34;47;M3V;0.491;0.547;3191;0.394;7.754;1
HD 146389;Hercules;16hÿ15mÿ50.36s;+10øÿ01?ÿ57.3?;9.39;367;F8IV;1.216;1.365;6152;?0.122;6.225;1
HAT-P-2;Hercules;16hÿ20mÿ36.36s;+41øÿ02?ÿ53.1?;8.71;373;F8IV;1.298;1.412;6289;0.117;2.722;1
HD 147018;Triangulum Australe;16hÿ23mÿ00.15s;?61øÿ41?ÿ19.5?;8.37;140;G9V;0.927;0.949;5441;0.101;6.364;2
PSR B1620-26;Scorpius;16hÿ23mÿ38.22s;?26øÿ31?ÿ53.8?;24.19;12279;pulsar+DB;1.352;0.000021;29418;N/A;12.723;1
HD 147513;Scorpius;16hÿ24mÿ01.29s;?39øÿ11?ÿ34.7?;5.38;42;G5V;0.924;1.006;5701;?0.027;0.650;1
HD 148156;Norma;16hÿ28mÿ17.28s;?46øÿ19?ÿ03.4?;7.71;168;G1V;1.216;1.199;5810;0.288;6.003;1
HD 148427;Ophiuchus;16hÿ28mÿ28.15s;?13øÿ23?ÿ58.7?;6.90;193;K0IV;1.445;3.221;5052;0.154;2.455;1
HD 149026;Hercules;16hÿ30mÿ29.62s;+38øÿ20?ÿ50.3?;8.16;259;G0IV;1.346;1.452;6147;0.356;2.043;1
HD 149143;Ophiuchus;16hÿ32mÿ51.05s;+02øÿ05?ÿ05.4?;7.90;202;G0IV;1.215;1.358;5732;0.263;7.647;1
HD 152079;Ara;16hÿ53mÿ29.74s;?46øÿ19?ÿ58.6?;9.20;272;G6V;1.023;0.998;5499;0.155;2.072;1
Gliese 649;Hercules;16hÿ58mÿ08.85s;+25øÿ44?ÿ39.0?;9.62;34;M1V;0.542;0.621;3703;0.077;9.998;1
HD 154345;Hercules;17hÿ02mÿ36.40s;+47øÿ04?ÿ54.8?;6.74;61;G8V;0.883;0.874;5468;?0.105;4.925;1
HD 153950;Scorpius;17hÿ04mÿ30.87s;?43øÿ18?ÿ35.2?;7.38;162;F8V;1.119;1.335;6076;?0.014;4.278;1
MOA-2008-BLG-310L;Scorpius;17hÿ05mÿ14.53s;?34øÿ46?ÿ41.0?;23.38;23807;K8V;0.670;0.638;4120;?0.592;4.105;1
HAT-P-18;Hercules;17hÿ05mÿ23.15s;+33øÿ00?ÿ45.0?;12.76;543;K2V;0.773;0.749;4804;0.102;12.382;1
HD 155358;Hercules;17hÿ09mÿ34.62s;+33øÿ21?ÿ21.1?;7.27;144;G0V;0.873;0.842;5760;?0.680;9.992;2
HD 154672;Ara;17hÿ10mÿ04.91s;?56øÿ26?ÿ57.4?;8.22;211;G3IV;1.060;1.266;5714;0.265;9.280;1
HD 154857;Ara;17hÿ11mÿ15.72s;?56øÿ40?ÿ50.9?;7.25;209;G5V;1.166;1.934;5445;?0.233;8.887;1
GJ 1214;Ophiuchus;17hÿ15mÿ18.94s;+04øÿ57?ÿ49.7?;14.67;42;M4.5V;0.157;0.211;3026;0.017;6.313;1
HD 156668;Hercules;17hÿ17mÿ40.49s;+29øÿ13?ÿ38.0?;8.42;80;K2V;0.875;0.895;4917;?0.108;4.620;1
Gliese 667 C;Scorpius;17hÿ18mÿ58.69s;?34øÿ59?ÿ48.3?;10.22;23;M1.5V;0.378;0.201;3950;?0.275;9.103;7
HD 156411;Ara;17hÿ19mÿ51.40s;?48øÿ32?ÿ57.5?;6.67;179;G1Vw;1.254;1.148;5794;?0.120;2.475;1
HAT-P-14;Hercules;17hÿ20mÿ27.87s;+38øÿ14?ÿ31.9?;9.98;670;F5V;1.386;1.468;6602;0.113;1.287;1
Gliese 674;Ara;17hÿ28mÿ39.95s;?46øÿ53?ÿ42.7?;9.36;15;M2.5V;0.354;0.421;3614;?0.279;0.550;1
Gliese 676 A;Ara;17hÿ30mÿ11.20s;?51øÿ38?ÿ13.1?;9.59;54;M0V;0.599;0.710;3857;0.172;5.021;1
HD 159868;Scorpius;17hÿ38mÿ59.53s;?43øÿ08?ÿ43.9?;7.24;191;G5V;1.095;1.066;5395;0.004;8.074;1
Mu Arae;Ara;17hÿ44mÿ08.70s;?51øÿ50?ÿ02.6?;5.15;51;G3IV-V;1.077;1.246;5704;0.277;6.413;4
OGLE-2005-BLG-071L;Scorpius;17hÿ50mÿ08.99s;?34øÿ40?ÿ22.5?;19.78;9587;M1V;0.458;0.414;3891;?0.521;11.404;1
OGLE-TR-10;Sagittarius;17hÿ51mÿ28.25s;?29øÿ52?ÿ34.9?;15.78;4488;G6V;1.176;1.160;5632;0.123;1.674;1
TrES-3;Hercules;17hÿ52mÿ07.02s;+37øÿ32?ÿ46.2?;12.40;1133;G4V;0.902;0.802;5722;?0.179;1.779;1
OGLE-2006-BLG-109L;Sagittarius;17hÿ52mÿ35.22s;?30øÿ05?ÿ15.7?;19.87;4850;M1V;0.513;0.721;3998;?0.215;6.315;2
TrES-4;Hercules;17hÿ53mÿ13.06s;+37øÿ12?ÿ42.4?;11.59;1426;F9V;1.220;1.738;6186;0.281;4.694;1
MOA-2009-BLG-387L;Sagittarius;17hÿ53mÿ51.22s;?33øÿ59?ÿ24.9?;27.85;18460;M5V;0.188;0.171;2986;?0.330;10.266;1
OGLE-2005-BLG-390L;Scorpius;17hÿ54mÿ19.36s;?30øÿ22?ÿ38.4?;27.98;21253;M5V;0.224;0.348;3241;?0.445;9.587;1
OGLE-2007-BLG-368L;Scorpius;17hÿ56mÿ25.96s;?32øÿ14?ÿ14.7?;22.79;19235;K7V;0.655;0.765;4233;0.034;3.469;1
OGLE-TR-56;Sagittarius;17hÿ56mÿ35.51s;?29øÿ32?ÿ21.2?;16.56;5258;G9V;1.172;1.320;5820;0.017;2.431;1
SWEEPS-04;Sagittarius;17hÿ58mÿ53.92s;?29øÿ11?ÿ20.6?;15.37;6863;F8V;1.235;1.176;6234;0.140;2.154;1
SWEEPS-11;Sagittarius;17hÿ59mÿ02.67s;?29øÿ11?ÿ53.5?;19.83;6469;K5V;1.001;1.453;5947;?0.035;2.262;1
HD 164922;Hercules;18hÿ02mÿ30.86s;+26øÿ18?ÿ46.8?;7.01;72;K0V;0.939;0.901;5385;0.175;13.375;1
HD 164604;Sagittarius;18hÿ03mÿ06.93s;?28øÿ33?ÿ38.3?;10.04;134;K2V;0.798;0.832;4850;?0.178;5.167;1
OGLE-2003-BLG-235L;Sagittarius;18hÿ05mÿ16.47s;?28øÿ53?ÿ41.6?;20.52;17068;K2V;0.630;0.762;4155;?0.349;10.471;1
OGLE-2005-BLG-169L;Sagittarius;18hÿ06mÿ05.22s;?30øÿ43?ÿ47.3?;20.93;9379;K8V;0.488;0.650;4015;?0.254;9.623;1
MOA-2009-BLG-319L;Sagittarius;18hÿ06mÿ57.52s;?26øÿ49?ÿ11.2?;19.75;19972;K8V;0.626;0.731;4188;?0.264;8.719;1
MOA-2007-BLG-192L;Sagittarius;18hÿ08mÿ03.74s;?27øÿ08?ÿ59.9?;27.46;3220;M8V;0.060;0.113;2486;?0.310;10.420;1
MOA-2007-BLG-400L;Sagittarius;18hÿ09mÿ42.25s;?29øÿ13?ÿ27.1?;24.95;18735;M3V;0.348;0.371;3510;0.027;1.277;1
HD 167042;Draco;18hÿ10mÿ31.64s;+54øÿ17?ÿ11.6?;5.95;164;K1III;1.643;4.299;5018;0.046;2.195;1
HAT-P-5;Lyra;18hÿ17mÿ37.30s;+36øÿ37?ÿ16.9?;11.95;1103;G9IV;1.158;1.167;5960;0.240;2.581;1
HD 168443;Serpens;18hÿ20mÿ03.93s;?09øÿ35?ÿ44.6?;6.92;122;G5IV;1.056;1.627;5546;0.030;9.764;1
HD 168746;Serpens;18hÿ21mÿ49.78s;?11øÿ55?ÿ21.7?;7.95;139;G5IV;0.916;1.116;5495;?0.070;3.755;1
42 Draconis;Draco;18hÿ25mÿ59.14s;+65øÿ33?ÿ48.5?;4.83;315;K1.5III;0.981;22.027;4196;?0.465;9.490;1
HD 169830;Sagittarius;18hÿ27mÿ49.48s;?29øÿ49?ÿ00.7?;5.91;119;F9V;1.413;1.838;6266;0.210;4.950;2
HD 170469;Ophiuchus;18hÿ29mÿ10.98s;+11øÿ41?ÿ43.8?;8.22;205;G5IV;1.145;1.215;5810;0.301;6.576;1
HD 171028;Ophiuchus;18hÿ32mÿ15.49s;+06øÿ56?ÿ44.7?;8.31;294;G0IV;0.992;1.953;5663;?0.495;7.842;1
COROT-17;Serpens;18hÿ33mÿ51.22s;+04øÿ26?ÿ16.4?;15.46;5562;G5V;1.008;1.024;5601;0.032;5.254;1
WASP-3;Lyra;18hÿ34mÿ31.62s;+35øÿ39?ÿ41.5?;10.49;726;F7V;1.251;1.241;6426;?0.102;4.108;1
HD 171238;Sagittarius;18hÿ34mÿ43.67s;?28øÿ04?ÿ20.3?;8.66;164;K0V;0.943;0.916;5467;0.172;4.920;1
COROT-11;Serpens;18hÿ42mÿ44.95s;+05øÿ56?ÿ15.7?;12.94;1825;F6V;1.266;1.370;6441;?0.028;2.421;1
COROT-9;Serpens;18hÿ43mÿ09.18s;+06øÿ12?ÿ14.9?;13.71;1497;G3V;0.991;0.936;5624;?0.008;3.719;1
HD 173416;Lyra;18hÿ43mÿ36.11s;+36øÿ33?ÿ23.8?;6.06;455;G8III;1.977;13.527;4683;0.250;2.765;1
COROT-6;Ophiuchus;18hÿ44mÿ17.42s;+06øÿ39?ÿ47.9?;13.88;3695;F5V;1.055;1.025;6092;?0.172;1.022;1
Kepler-8;Lyra;18hÿ45mÿ09.15s;+42øÿ27?ÿ03.9?;13.91;4338;F9V;1.213;1.486;6213;?0.055;3.841;1
HD 175541;Serpens;18hÿ55mÿ40.88s;+04øÿ15?ÿ55.2?;8.03;415;G8IV;1.654;3.850;5060;?0.072;1.947;1
HD 176051 B;Lyra;18hÿ57mÿ01.49s;+32øÿ54?ÿ06.7?;7.84;49;K1V;0.706;0.775;5021;?0.044;3.206;1
Kepler-90;Draco;18hÿ57mÿ44.18s;+49øÿ18?ÿ19?;14;2500;;1.13;1.2;5930;?0.17;;7
COROT-16;Serpens;18hÿ58mÿ07.17s;?00øÿ41?ÿ13.3?;15.64;4382;G5V;0.899;0.814;5587;?0.058;3.271;1
HD 175167;Pavo;19hÿ00mÿ00.84s;?69øÿ56?ÿ39.2?;9.18;220;G5IV/V;1.102;1.254;5674;0.189;7.263;1
Kepler-9;Lyra;19hÿ02mÿ17.76s;+38øÿ24?ÿ03.2?;13.91;2754;G2V;0.998;1.095;5722;0.167;3.008;3
Kepler-4;Draco;19hÿ02mÿ27.68s;+50øÿ08?ÿ08.7?;12.68;1631;G0V;1.223;1.487;5857;0.166;4.486;1
Kepler-10;Draco;19hÿ02mÿ33.06s;+50øÿ14?ÿ28.7?;10.96;564;G5V;0.895;1.056;5627;?0.154;11.876;2
TrES-1;Lyra;19hÿ04mÿ09.84s;+36øÿ37?ÿ57.5?;11.37;511;K0V;0.875;0.822;5177;0.001;2.481;1
HD 177830;Lyra;19hÿ05mÿ20.77s;+25øÿ55?ÿ14.4?;7.18;193;K0IV;1.477;2.991;4948;?0.012;4.033;2
TrES-2;Draco;19hÿ07mÿ14.04s;+49øÿ18?ÿ59.1?;11.41;712;G0V;0.982;1.000;5853;?0.146;5.104;1
HD 178911 B;Lyra;19hÿ09mÿ03.10s;+34øÿ35?ÿ59.5?;7.98;139;G5V;1.070;1.139;5372;0.276;5.203;1
Kepler-20;Lyra;19hÿ10mÿ47.52s;+42øÿ20?ÿ19.3?;12.51;948;G8V;0.912;0.944;5466;0.020;8.831;5
HD 179079;Aquila;19hÿ11mÿ09.83s;?02øÿ38?ÿ18.2?;7.96;214;G5IV;1.087;1.482;5724;0.290;6.427;1
Kepler-7;Lyra;19hÿ14mÿ19.56s;+41øÿ05?ÿ23.3?;13.93;3377;G1V;1.347;1.843;5933;0.107;3.458;1
HD 179949;Sagittarius;19hÿ15mÿ33.23s;?24øÿ10?ÿ45.7?;6.25;90;F8V;1.279;1.190;6260;0.224;2.053;1
HD 180902;Sagittarius;19hÿ19mÿ17.71s;?23øÿ33?ÿ29.4?;7.78;36;K0III/IV;1.520;4.099;5030;0.044;2.810;1
HD 181342;Sagittarius;19hÿ21mÿ04.23s;?23øÿ37?ÿ10.5?;7.55;36;K0III;1.840;4.597;5014;0.258;1.837;1
HD 181720;Sagittarius;19hÿ22mÿ52.99s;?32øÿ55?ÿ08.6?;7.86;189;G1V;0.916;1.388;5781;?0.529;7.646;1
COROT-10;Aquila;19hÿ24mÿ15.30s;+00øÿ44?ÿ46.0?;15.22;1129;K1V;0.891;0.792;5073;0.261;1.489;1
WASP-48;Cygnus;19hÿ24mÿ38.98s;+55øÿ28?ÿ23.4?;11.06;919;F8V;1.089;1.088;5986;?0.147;3.766;1
HD 181433;Pavo;19hÿ25mÿ09.57s;?66øÿ28?ÿ07.7?;8.38;87;K5V;0.777;0.786;4962;0.327;8.974;3
COROT-8;Aquila;19hÿ26mÿ21.24s;+01øÿ25?ÿ35.2?;14.80;1245;K1V;0.879;0.773;5079;0.325;2.428;1
COROT-2;Serpens;19hÿ27mÿ06.50s;+01øÿ23?ÿ01.4?;12.57;929;K0V;1.111;0.959;5204;?0.147;8.470;1
HD 183263;Aquila;19hÿ28mÿ24.57s;+08øÿ21?ÿ30.0?;7.86;180;G2IV;1.172;1.201;5888;0.325;3.303;2
HAT-P-7;Cygnus;19hÿ28mÿ59.36s;+47øÿ58?ÿ10.3?;10.46;1037;F8IV;1.467;1.840;6351;0.264;7.213;1
HD 231701;Sagitta;19hÿ32mÿ04.16s;+16øÿ28?ÿ27.4?;8.99;386;F8V;1.143;1.350;6208;0.067;4.893;1
HD 185269;Cygnus;19hÿ37mÿ11.74s;+28øÿ29?ÿ59.5?;6.68;164;G0IV;1.278;1.880;5978;0.112;4.221;1
16 Cygni B;Cygnus;19hÿ41mÿ51.97s;+50øÿ31?ÿ03.1?;6.20;69;G3V;1.269;0.981;5766;0.084;7.980;1
HD 187123;Cygnus;19hÿ46mÿ58.11s;+34øÿ25?ÿ10.3?;7.83;157;G5V;1.056;1.165;5714;0.156;5.327;2
KOI-428;Cygnus;19hÿ47mÿ15.28s;+47øÿ31?ÿ35.6?;14.76;8922;F5IV;1.483;2.231;6510;0.099;2.778;1
Kepler-6;Cygnus;19hÿ47mÿ20.94s;+48øÿ14?ÿ23.9?;13.83;2522;G4V;1.209;1.391;5647;0.336;3.813;1
Kepler-11;Cygnus;19hÿ48mÿ27.62s;+41øÿ54?ÿ32.9?;13.69;1999;G4V;0.954;1.102;5681;0.003;7.834;6
HD 187085;Sagittarius;19hÿ49mÿ33.97s;?37øÿ46?ÿ50.0?;7.22;144;G0V;1.217;1.435;6011;0.050;3.337;1
HAT-P-11;Cygnus;19hÿ50mÿ50.25s;+48øÿ04?ÿ51.1?;9.59;119;K4V;0.807;0.754;4776;0.315;6.475;1
HD 188015;Vulpecula;19hÿ52mÿ04.54s;+28øÿ36?ÿ01.4?;8.22;186;G5IV;1.089;1.101;5520;0.286;6.199;1
Xi Aquilae;Aquila;19hÿ54mÿ14.88s;+08øÿ27?ÿ41.2?;4.72;184;G9IIIb;2.233;11.945;4750;?0.227;5.781;1
Kepler-5;Cygnus;19hÿ57mÿ37.68s;+50øÿ02?ÿ06.2?;13.89;4167;F8V;1.374;1.793;6297;0.041;2.537;1
HD 189733;Vulpecula;20hÿ00mÿ43.71s;+22øÿ42?ÿ39.1?;7.68;63;K1V;0.800;0.753;4954;?0.031;0.812;1
Gliese 777;Cygnus;20hÿ03mÿ37.41s;+29øÿ53?ÿ48.5?;5.71;52;G6IV;1.037;2.348;5588;0.248;12.110;2
HD 190647;Sagittarius;20hÿ07mÿ19.67s;?35øÿ32?ÿ19.1?;7.78;187;G5V;1.101;1.155;5628;0.241;3.543;1
HD 190984;Pavo;20hÿ11mÿ30.72s;?64øÿ37?ÿ13.7?;8.73;598;F8V;0.911;1.527;5988;?0.482;5.421;1
Qatar-1;Draco;20hÿ13mÿ31.61s;+65øÿ09?ÿ43.5?;12.84;678;K3V;0.852;0.823;4861;0.188;5.938;1
HD 192263;Aquila;20hÿ13mÿ59.85s;?00øÿ52?ÿ00.8?;7.79;63;K2V;0.814;0.748;4965;?0.201;0.571;1
Gliese 785;Capricornus;20hÿ15mÿ17.39s;?27øÿ01?ÿ58.7?;5.72;29;K1V;0.778;0.684;5144;0.078;5.914;1
HD 192699;Aquila;20hÿ16mÿ06.00s;+04øÿ34?ÿ50.9?;6.45;214;G8IV;1.680;4.255;5220;?0.154;1.823;1
HAT-P-23;Delphinus;20hÿ24mÿ29.72s;+16øÿ45?ÿ43.8?;11.94;1283;G5V;1.131;1.199;5905;0.150;4.331;1
HD 195019 A;Delphinus;20hÿ28mÿ18.64s;+18øÿ46?ÿ10.2?;6.91;126;G3IV-V;1.056;1.377;5842;0.078;5.333;1
WASP-2;Delphinus;20hÿ30mÿ54.13s;+06øÿ25?ÿ46.4?;11.98;3421;K1V;0.844;0.834;5246;0.026;4.116;1
HD 196050;Pavo;20hÿ37mÿ51.71s;?60øÿ38?ÿ04.1?;7.59;163;G3V;1.064;1.286;5874;?0.047;3.167;1
HD 196885 A;Delphinus;20hÿ39mÿ51.88s;+11øÿ14?ÿ58.7?;6.40;109;F8IV;1.267;1.354;5915;?0.387;8.436;1
WASP-6;Aquarius;20hÿ42mÿ19.61s;?42øÿ21?ÿ06.7?;12.36;1002;G8V;0.866;0.913;5501;?0.122;3.546;1
WASP-7;Microscopium;20hÿ44mÿ10.24s;?39øÿ13?ÿ30.8?;9.51;455;F5V;1.276;1.236;6386;?0.001;4.154;1
WASP-12;Auriga;20hÿ47mÿ59.12s;?40øÿ00?ÿ10.6?;11.72;869;G0V;1.349;1.565;6346;0.287;5.520;1
18 Delphini;Delphinus;20hÿ58mÿ25.93s;+10øÿ50?ÿ21.4?;5.52;246;G6III;2.265;8.520;4975;?0.047;9.897;1
WASP-11/HAT-P-10;Perseus;21hÿ00mÿ21.36s;?42øÿ54?ÿ28.9?;11.90;291;K3V;0.823;0.809;4979;0.131;11.167;1
HD 200964;Equuleus;21hÿ06mÿ39.84s;+03øÿ48?ÿ11.2?;6.49;223;K0III;1.437;4.302;5164;?0.154;2.992;2
HIP 104780;Pegasus;21hÿ13mÿ35.99s;+14øÿ41?ÿ21.8?;9.66;158;K2V;0.863;0.932;5008;0.099;6.452;1
WASP-46;Phoenix;21hÿ14mÿ56.86s;?55øÿ52?ÿ18.4?;12.91;1344;G6V;0.956;0.917;5621;?0.367;1.442;1
HD 202206;Capricornus;21hÿ14mÿ57.77s;?20øÿ47?ÿ21.2?;8.08;148;G6V;1.129;1.019;5750;0.367;2.037;1
WASP-10;Pegasus;21hÿ20mÿ32.33s;?49øÿ25?ÿ29.0?;12.50;298;K5V;0.712;0.783;4675;0.032;0.756;1
HD 204313;Capricornus;21hÿ28mÿ12.21s;?21øÿ43?ÿ34.5?;7.99;155;G5V;1.045;1.053;5767;0.183;3.377;1
Gliese 832;Grus;21hÿ33mÿ33.98s;?49øÿ00?ÿ32.4?;8.66;16;M1.5V;0.446;0.414;3759;?0.308;7.910;1
HD 205739;Piscis Austrinus;21hÿ38mÿ08.41s;?31øÿ44?ÿ14.9?;8.57;352;F7V;1.218;1.329;6176;0.189;2.836;1
HAT-P-17;Cygnus;21hÿ38mÿ08.73s;+30øÿ29?ÿ19.4?;10.54;295;K0V;0.857;0.837;5246;0.000;7.751;2
HD 206610;Aquarius;21hÿ43mÿ24.90s;?07øÿ24?ÿ29.7?;8.35;632;K0III;1.561;6.076;4874;0.137;3.270;1
WASP-14;Bo”tes;21hÿ56mÿ01.02s;?35øÿ21?ÿ41.4?;9.87;571;F5V;1.319;1.297;6475;0.033;0.745;1
HD 208487;Grus;21hÿ57mÿ19.85s;?37øÿ45?ÿ49.0?;7.48;150;G2V;1.325;1.147;5929;?0.064;3.877;1
HD 209458;Pegasus;22hÿ03mÿ10.78s;+18øÿ53?ÿ03.9?;7.65;162;G0V;1.006;1.125;5942;0.037;3.874;1
V391 Pegasi;Pegasus;22hÿ04mÿ12.12s;+26øÿ25?ÿ08.1?;14.57;4577;sdB;0.502;0.231;29317;?0.332;10.982;1
WASP-15;Hydra;22hÿ08mÿ06.73s;?37øÿ22?ÿ26.9?;10.93;1004;F5V;1.181;1.477;6315;?0.166;3.869;1
HD 210277;Aquarius;22hÿ09mÿ29.87s;?07øÿ32?ÿ55.2?;6.63;70;G0V;1.090;1.096;5532;0.189;6.928;1
Gliese 849;Aquarius;22hÿ09mÿ40.35s;?04øÿ38?ÿ26.6?;10.42;30;M3.5V;0.356;0.522;3451;?0.135;8.750;1
HD 210702;Pegasus;22hÿ11mÿ51.33s;+16øÿ02?ÿ26.0?;5.94;179;K1IV;1.855;4.717;5010;0.115;1.400;1
HD 212771;Aquarius;22hÿ27mÿ03.07s;?17øÿ15?ÿ49.2?;7.60;428;G8IV;1.155;4.990;5121;?0.208;5.048;1
HD 212301;Octans;22hÿ27mÿ30.92s;?77øÿ43?ÿ04.5?;7.77;179;F8V;1.047;1.131;5998;0.184;5.949;1
HD 213240;Grus;22hÿ31mÿ00.37s;?49øÿ25?ÿ59.8?;6.80;133;G4IV;1.215;1.524;5984;0.228;5.111;1
HD 215497;Tucana;22hÿ46mÿ36.75s;?56øÿ35?ÿ58.3?;8.97;142;K3V;0.865;0.850;4852;0.235;4.568;2
HAT-P-8;Pegasus;22hÿ52mÿ09.86s;+35øÿ26?ÿ49.6?;10.17;758;F6.4V;1.278;1.576;6199;0.008;3.387;1
Gliese 876;Aquarius;22hÿ53mÿ16.73s;?14øÿ15?ÿ49.3?;10.17;15;M4V;0.334;0.356;3348;0.054;4.893;4
Tau1ÿGruis;Grus;22hÿ53mÿ37.93s;?48øÿ35?ÿ53.8?;6.03;106;G0IV;1.250;2.037;5767;0.153;5.273;1
Rho Indi;Indus;22hÿ54mÿ39.48s;?70øÿ04?ÿ25.4?;6.06;87;G2.5IV;1.074;1.101;5636;0.010;12.959;1
HD 216770;Piscis Austrinus;22hÿ55mÿ53.71s;?26øÿ39?ÿ31.5?;8.10;116;K1V;0.912;1.038;5248;0.231;3.599;1
51 Pegasi;Pegasus;22hÿ57mÿ27.98s;+20øÿ46?ÿ07.8?;5.49;51;G2V;1.111;1.169;5793;0.203;4.126;1
Fomalhaut;Piscis Austrinus;22hÿ57mÿ39.03s;?29øÿ37?ÿ20.1?;1.16;25;A4V;2.055;1.832;8751;?0.104;0.210;1
HAT-P-1;Lacerta;22hÿ57mÿ46.82s;+38øÿ40?ÿ29.8?;10.40;453;G0V;1.124;1.154;5975;0.130;3.557;1
HD 217107;Pisces;22hÿ58mÿ15.54s;?02øÿ23?ÿ43.4?;6.18;65;G8IV;1.019;1.080;5646;0.367;7.320;2
HD 217786;Pisces;23hÿ03mÿ08.21s;?00øÿ25?ÿ46.6?;7.79;179;F8V;1.023;1.267;5966;?0.135;7.659;1
HR 8799;Pegasus;23hÿ07mÿ28.72s;+21øÿ08?ÿ03.3?;5.96;129;A5V;1.472;1.339;7429;?0.466;0.064;4
HD 218566;Pisces;23hÿ09mÿ10.73s;?02øÿ15?ÿ38.7?;8.63;93;K3V;0.854;0.860;4820;0.376;8.504;1
WASP-21;Pegasus;23hÿ09mÿ58.25s;+18øÿ23?ÿ45.9?;11.55;750;G3V;1.006;1.055;5779;0.070;1.584;1
HD 240210;Cassiopeia;23hÿ10mÿ29.23s;+57øÿ01?ÿ46.0?;8.33;465;K3III;1.188;7.589;4290;?0.182;8.220;1
91 Aquarii;Aquarius;23hÿ15mÿ53.49s;?09øÿ05?ÿ15.9?;4.21;150;K0III;2.534;8.554;5248;?0.085;1.576;1
HD 219828;Pegasus;23hÿ18mÿ46.74s;+18øÿ38?ÿ44.6?;8.04;236;G0IV;1.235;1.745;5891;0.189;5.800;1
14 Andromedae;Andromeda;23hÿ31mÿ17.41s;+39øÿ14?ÿ10.3?;5.22;258;G8III;2.179;10.625;4813;?0.240;1.441;1
HD 221287;Tucana;23hÿ31mÿ20.34s;?58øÿ12?ÿ35.0?;7.83;180;F7V;1.249;1.339;6304;0.032;1.274;1
WASP-4;Phoenix;23hÿ34mÿ15.06s;?42øÿ03?ÿ41.1?;12.60;850;K2V;0.949;0.910;5493;?0.096;5.795;1
WASP-28;Pisces;23hÿ34mÿ27.88s;?01øÿ34?ÿ48.1?;11.99;1090;F8V;1.079;1.052;6115;0.114;6.510;1
HAT-P-6;Andromeda;23hÿ39mÿ05.81s;+42øÿ27?ÿ57.5?;10.54;649;F7V;1.289;1.461;6571;?0.132;2.268;1
Gamma Cephei;Cepheus;23hÿ39mÿ20.85s;+77øÿ37?ÿ56.2?;3.23;46;K2IV;1.387;6.196;4792;?0.002;6.597;1
HD 222582;Aquarius;23hÿ41mÿ51.53s;?05øÿ59?ÿ08.7?;7.70;136;G5V;0.987;1.145;5662;?0.023;6.163;1
WASP-29;Sculptor;23hÿ51mÿ31.09s;?39øÿ54?ÿ24.3?;11.33;263;K4V;0.824;0.846;4779;0.095;2.430;1
WASP-5;Phoenix;23hÿ57mÿ23.76s;?41øÿ16?ÿ37.7?;12.26;970;G4V;1.024;1.000;5714;0.265;9.582;1
WASP-8;Sculptor;23hÿ59mÿ36.07s;?35øÿ01?ÿ35.9?;9.89;159;K2V;0.819;0.799;5623;0.265;8.791;1
HD 224693;Cetus;23hÿ59mÿ53.83s;?22øÿ25?ÿ41.2?;8.23;321;G2IV;1.328;1.740;6037;0.343;2.141;1
